blocknumber, timestamp, address, creator, txid
0x3aa1b9, 0x5939ea5a, 0x6ba6f2207e343923ba692e5cae646fb0f566db8d, 0xc352b534e8b987e036a93539fd6897f53488e56a, 0x9fef127966d59d440c70f28c8e6f1eac3af0d91f94384e207deb3c98ff9c3088
0x3bbaff, 0x594c1d10, 0xb47e3cd837ddf8e4c57f05d70ab865de6e193bbb, 0xc352b534e8b987e036a93539fd6897f53488e56a, 0x0885b9e5184f497595e1ae2652d63dbdb2785de2e498af837d672f5765f28430
0x3f17d2, 0x598a9136, 0x60cd862c9c687a9de49aecdc3a99b74a4fc54ab6, 0xa97f8ffc8f8e354475880448334e4e99a0e7212f, 0x79d48c41b99f0ac8f735dbf4d048165542576862df2b05a80be9a4dbe233a623
0xb77fd2, 0x604bccfa, 0x7c40c393dc0f283f318791d746d894ddd3693572, 0xb0215fcee8e046a8e9fca14ab79fa6ed38dcb59b, 0xb27719066844420204ba6b5ce4ce2d2fdae1262270a8b1a211e96cda16636818
0xb8b8c3, 0x605c1103, 0xf4a4644e818c2843ba0aabea93af6c80b5984114, 0xe5ee2b9d5320f2d1492e16567f36b578372b3d9f, 0xf0e2405d1ed790d4e97bd0dafd22a649fcb485d91cef94f30f931ddb26fd1ea2
0xbb7cdc, 0x6080d6c9, 0xc3f733ca98e0dad0386979eb96fb1722a1a05e69, 0xd342a4f0397b4268e6adce89b9b88c746afa85ee, 0x5585c88321058bde24b5ed025b51323731e2186836d3d5bdf66e7aed7ab63461
0xc0b968, 0x60c6d8ad, 0xa82f3a61f002f83eba7d184c50bb2a8b359ca1ce, 0xdd01e9be0f8ac1be72f57a29e2e960777ef2d152, 0x48db643b9ee37de131e23456ecf35c3a270cba12b4e952f02fe7e5af0bb2a0cc
0xc16555, 0x60cfd82c, 0xf07468ead8cf26c752c676e43c814fee9c8cf402, 0xdd01e9be0f8ac1be72f57a29e2e960777ef2d152, 0x994a30d91c09ecf14aef8fe42140742584762d3522a2016bd386361e6d76d4e2
0xc5fe16, 0x610e058d, 0x031920cc2d9f5c10b444fd44009cd64f829e7be2, 0x3549d95f144c0cc9eb5fc29fc8b6881a84d51536, 0x7e7c76df42ac448443e5b6dfadb35d64ebd44d03abf8cc04536ef43dca54f27a
0xc62457, 0x610fffa6, 0x0cfdb3ba1694c2bb2cfacb0339ad7b1ae5932b63, 0xfd16f84e1f9bb5ec33b52d0133d61f7d20699658, 0x960163ec070b46543c027eb989be368c0f2a75feca499d4c9d58208e61913818
0xc6245a, 0x610fffc9, 0xcc8a0fb5ab3c7132c1b2a0109142fb112c4ce515, 0xfd16f84e1f9bb5ec33b52d0133d61f7d20699658, 0xb6a8df13518c626e85b3ad796a01a407dcf2f4f44953e906d9f4719e5a89fe54
0xc6245e, 0x6110000f, 0x9c8ff314c9bc7f6e59a9d9225fb22946427edc03, 0xfd16f84e1f9bb5ec33b52d0133d61f7d20699658, 0xe8aeb9055e334dc12e4e7cf16a7b630b1a070727c380caf65a03feccc26e0be3
0xc62465, 0x61100055, 0xf15a943787014461d94da08ad4040f79cd7c124e, 0xfd16f84e1f9bb5ec33b52d0133d61f7d20699658, 0xa2f3f5be9be42806b10b4897415a8da717d72ea01f2b96cb5d1f04b65844825a
0xc6c4d5, 0x61185c20, 0x0d0167a823c6619d430b1a96ad85b888bcf97c37, 0x930b9cc24c46c341803e5fefb3590bdb4ff576a6, 0xc9305055eccbe710c0b2f54dc6ff7560fc2e78bd2883ffc0acb0eff705edd86e
0xc710af, 0x611c4ff0, 0x16f5a35647d6f03d5d3da7b35409d65ba03af3b2, 0xc352b534e8b987e036a93539fd6897f53488e56a, 0xc82aa34310c310463eb9fe7835471f7317ac4b5008034a78c93b2a8a237be228
0xd43095, 0x61cd868f, 0x71eb5c179ceb640160853144cbb8df5bd24ab5cc, 0xe51c910738a91ed6c966f6d0d6c25289d4292613, 0xb89a15ae987bacfb62baed9bcc2065644617d25fcb8498b1ba8f4fb80fdd8c8c
0xd5f71f, 0x61e541ab, 0x282bdd42f4eb70e7a9d9f40c8fea0825b7f68c5d, 0xf40fd88ac59a206d009a07f8c09828a01e2acc0d, 0xf7132661519e08b5804c22f0d0846146c645229dd803f85d81a417bce44992da
0xd792da, 0x61fab817, 0xd33c078c2486b7be0f7b4dda9b14f35163b949e0, 0x07558ea3218e62c00090003f420bd8272456ecc8, 0x7ee2156cea4a19887bc93ecfd2ee27a6b2d8c412a888a4d25b138b86082a1712
0xd7a33d, 0x61fb9730, 0xa19f0378a6f3f3361d8e962f3589ec28f4f8f159, 0xd59d10f5a49d6c8ec097e007a1782087cfb4b988, 0x66740bf047483e9b489c2837146260102b2b9537236dfd2d72caee2f45539a05
0xd7bcbd, 0x61fcea8a, 0xd12882c8b5d1bccca57c994c6af7d96355590dbd, 0xc874f918f29addeb8d0a377a625fcaa91007ca66, 0xd02314f9638dd3db61c85cfaf4d11dd3abf85952619e7a87aea43c72c6adb3b9
0xd8aa65, 0x62094d9f, 0xaf9ce4b327a3b690abea6f78eccbfefffbea9fdf, 0x3ce6543978f37315e047236139817c1f446300e5, 0xfd08b691d12ff2cf05e7edccd2a311e124bffdfeb528d666c98221c93dd3d648
0xdea450, 0x62599f86, 0x23581767a106ae21c074b2276d25e5c3e136a68b, 0x6c8984baf566db08675310b122bf0be9ea269eca, 0xd4547dc336dd4a0655f11267537964d7641f115ef3d5440d71514e3efba9d210
0xe709ec, 0x62d02add, 0x6229c811d04501523c6058bfaac29c91bb586268, 0xac56e6156c9c0c56b6d9a4e8388799f25d7feb86, 0x2d1785073b0eac3fefc126badf6cfee3128639a35e439dcee7255f2397e9d531
0xe756cf, 0x62d42f7c, 0xe9b91d537c3aa5a3fa87275fbd2e4feaaed69bd0, 0xdf12dba344515c98f866af1436245438cd7d8566, 0xf6cca6972347e21871d55febe8f091e1d9d7584919826bce9d5ced237e8dd937
0xe7e9c3, 0x62dbdc08, 0x8761b55af5a703d5855f1865db8fe4dd18e94c53, 0x970a2bafd2bea9f62592e9b036bf07c287078151, 0xd730f037162e1c9602d2881ceb4600b5d595e0032b21a9e77157e668f35e28be
0xec0ede, 0x631450d6, 0xad8474ba5a7f6abc52708f171f57fefc5cdc8c1c, 0xfdf474098acdaec5bf8b4f7798b3e64da0d60f57, 0x9623323e2487dc3e1ed8ed3d5d2014bf81119d6b54ca8980e69445259f9ba065
0xecfbaa, 0x6321562e, 0xe5a5520b798c5f67ca1b0657b932656df02595ad, 0x549c01f812e609b80548c9837b2dacb0cb0adc64, 0x2bea1b01e5b23837de243bb1ae0298adcf710a5d26ff25b3b597c44074ac04bd
0xedf272, 0x632d4a9f, 0x9b66d03fc1eee61a512341058e95f1a68dc3a913, 0xd503b89b39e5d820399e94ba6250b90fa22b9812, 0x88d3c3c0ac27e4ab93624a5de05ecd83e75637a0e434c02d8b7475f5392629a6
0xef95d3, 0x634112e7, 0x34625ecaa75c0ea33733a05c584f4cf112c10b6b, 0xf2c0149f0cff4c19b9819d1084f465df0e1b3795, 0xb9f71063933f573385b4a1f076eb9eea74bcb35a26bb6e7e095fe1cdc92db40d
0xf15908, 0x635655e3, 0x2204a94f96d39df3b6bc0298cf068c8c82dc8d61, 0x29323644b5540d20e834578943a2bd91027699b1, 0xa4af8ee34de9681242bdec6b690aa98dc8325f0d7a3719300d7566d5af24ebfa
0xf5d8d5, 0x638ca497, 0xd8e916c3016be144eb2907778cf972c4b01645fc, 0xc43473fa66237e9af3b2d886ee1205b81b14b2c8, 0x0d073c189b337ced2275e2f717b6ddd596e306de7e594588f12132d7fefb33ac
0xf66fe1, 0x6393c803, 0x58e90596c2065befd3060767736c829c18f3474c, 0xc43473fa66237e9af3b2d886ee1205b81b14b2c8, 0x92d3a69c4ac96ddd432f1c13e5dbb8bf3d7782489e7ee3538e78a25f2480c34f
